Load_pct,Converged,Vmin_pu,WeakBus,Ploss_MW,Qloss_MVAr,LowVBusCount,MaxBranchLoading_pct,Qmargin_MVAr,GensAtQmax
100,1,0.975566052113849,30,17.8464048012818,35.4986286661999,0,134.145416788262,216.301371336043,3
105,1,0.961677851252057,30,20.0903423655277,44.6215825686438,0,142.339605101988,200.868417431354,4
110,1,0.942818198755756,30,22.6473095913407,55.162928218848,2,151.013119549629,184.017071781152,5
115,1,0.920293766346673,30,25.5917887020853,67.3321158880764,5,160.41967763752,165.537884112034,5
120,1,0.895808243152976,30,28.9684348999488,81.229369997552,16,170.651569984801,145.330630009767,5
125,1,0.868833022256438,30,32.8774737600468,97.263797827115,21,181.845420621923,122.986202172886,5
130,1,0.838551712192514,30,37.4701037149439,116.054895956596,24,194.221486387856,97.8851040435278,5
135,1,0.803580003445503,30,42.9958746366764,138.629566339882,24,208.158756684583,69.000433670134,5
140,1,0.76119501438587,30,49.9301580468957,166.953995134611,24,224.397631457834,34.3660057018071,5
145,0,NaN,NaN,NaN,NaN,NaN,NaN,NaN,NaN
150,0,NaN,NaN,NaN,NaN,NaN,NaN,NaN,NaN
