Load_pct,Vmin_systemwide,Vmin_urbanonly,LowV_systemwide,LowV_urbanonly
100,0.975566052113849,0.975566052113849,0,0
105,0.961677851252057,0.970857247231095,0,0
110,0.942818198755756,0.966055794240355,2,0
115,0.920293766346673,0.961177050925775,5,0
120,0.895808243152976,0.95621797261243,16,0
125,0.868833022256438,0.951175305379842,21,0
130,0.838551712192514,0.946045563764283,24,1
135,0.803580003445503,0.94082501265254,24,2
140,0.76119501438587,0.935509634185502,24,2
145,NaN,0.930095101380373,NaN,3
150,NaN,0.92457674280451,NaN,3
