Lambda_CPF,LoadFactor,WeakBusVoltage_pu
0,1,0.975566052113849
0.000398694869557533,1.00039869486956,0.975475776302536
0.00039875806572115,1.00039875806572,0.975475822832155
0.0228020278767413,1.02280202787674,0.969320939954076
0.0667152021148814,1.06671520211488,0.95688284501156
0.0669301116168295,1.06693011161683,0.956820693801861
0.0669304015900896,1.06693040159009,0.956820815572512
0.117771082659773,1.11777108265977,0.935011634140734
0.154757969115874,1.15475796911587,0.918054989208959
0.192622154196796,1.1926221541968,0.899562713355185
0.226962942032976,1.22696294203298,0.881614078779557
0.259529590356411,1.25952959035641,0.863348634495426
0.289753089463931,1.28975308946393,0.845082197199871
0.317899762946308,1.31789976294631,0.826671025187207
0.343922245025651,1.34392224502565,0.808152049451271
0.367882355646371,1.36788235564637,0.789488962095702
0.389796328057936,1.38979632805794,0.770672578792521
0.409691534942853,1.40969153494285,0.751680527356561
0.427585809709938,1.42758580970994,0.732492932003325
0.439464058794423,1.43946405879442,0.718260973920432
