VoltageSet_pu,RequiredQ_MVAr,Converged
0.4,-20.3099872301938,1
0.41,-20.5394268890428,1
0.42,-20.7424225824345,1
0.43,-20.9190871208999,1
0.44,-21.0695132159422,1
0.45,-21.1937761494509,1
0.46,-21.2919360295668,1
0.47,-21.3640397059515,1
0.48,-21.4101224029701,1
0.49,-21.4302091180068,1
0.5,-21.4243158232649,1
0.51,-21.3924505023655,1
0.52,-21.3346140474619,1
0.53,-21.2508010380879,1
0.54,-21.1410004193387,1
0.55,-21.0051960940395,1
0.56,-20.8433674411621,1
0.57,-20.6554897707906,1
0.58,-20.4415347243168,1
0.59,-20.2014706272167,1
0.6,-19.9352628006488,1
0.61,-19.6428738371938,1
0.62,-19.3242638452804,1
0.63,-18.9793906661985,1
0.64,-18.6082100670519,1
0.65,-18.2106759125402,1
0.66,-17.7867403180738,1
0.67,-17.3363537863858,1
0.68,-16.8594653295279,1
0.69,-16.3560225778886,1
0.7,-15.8259718776687,1
0.71,-15.2692583780663,1
0.72,-14.6858261092711,1
0.73,-14.0756180522333,1
0.74,-13.4385762010575,1
0.75,-12.7746416187712,1
0.76,-12.0837544871307,1
0.77,-11.3658541510478,1
0.78,-10.6208791581609,1
0.79,-9.84876729400661,1
0.8,-9.04945561320626,1
0.81,-8.22288046702785,1
0.82,-7.36897752765153,1
0.83,-6.48768180942623,1
0.84,-5.57892768737905,1
0.85,-4.64264950940637,1
0.86,-3.67877913485335,1
0.87,-2.68724980664223,1
0.88,-1.66799347868494,1
0.89,-0.620941524358978,1
0.9,0.45397525739389,1
0.91,1.55682684941967,1
0.92,2.68768313041289,1
0.93,3.84661525567375,1
0.94,5.03369469181661,1
0.95,6.2489934708033,1
0.96,7.49258419175136,1
0.97,8.7645400237953,1
0.98,10.0649347099494,1
0.99,11.3938425719186,1
1,12.7513385158166,1
1.01,14.1374980387501,1
1.02,15.5523972362373,1
1.03,16.9961128104262,1
1.04,18.4687220790937,1
1.05,19.9703029853939,1
1.06,21.5009341083451,1
1.07,23.060694674033,1
1.08,24.6496645675194,1
1.09,26.2679243454462,1
1.1,27.9155552493254,1
